rank,strategy_name,params,start_dt,end_dt,initial_equity,final_equity,total_return,total_return_percent,annualized_return_percent,max_drawdown,max_drawdown_percent,sharpe_ratio,sortino_ratio,calmar_ratio,total_trades,win_rate,profit_factor,total_commission_cost,total_slippage_cost,total_cost,risk_triggered,frozen_during_backtest,frozen_reason,status,error_message
1,DoubleMAStrategy_Opt_1,"{""contract"": ""SHFE.rb2410"", ""kline_duration"": 60, ""use_ema"": false, ""use_rsi_filter"": true, ""short_period"": 2, ""long_period"": 8, ""rsi_period"": 7, ""rsi_threshold"": 45.0}",2024-01-02,2024-02-01,1000000.0,1000000.0,0.0,0.0,0.0,0.0,0.0,0.0,0.0,0.0,7,0.0,0.0,35.0,0.0,35.0,False,False,,completed,
2,DoubleMAStrategy_Opt_2,"{""contract"": ""SHFE.rb2410"", ""kline_duration"": 60, ""use_ema"": false, ""use_rsi_filter"": true, ""short_period"": 2, ""long_period"": 8, ""rsi_period"": 7, ""rsi_threshold"": 50.0}",2024-01-02,2024-02-01,1000000.0,1000000.0,0.0,0.0,0.0,0.0,0.0,0.0,0.0,0.0,5,0.0,0.0,25.0,0.0,25.0,False,False,,completed,
3,DoubleMAStrategy_Opt_3,"{""contract"": ""SHFE.rb2410"", ""kline_duration"": 60, ""use_ema"": false, ""use_rsi_filter"": true, ""short_period"": 2, ""long_period"": 8, ""rsi_period"": 7, ""rsi_threshold"": 55.0}",2024-01-02,2024-02-01,1000000.0,1000000.0,0.0,0.0,0.0,0.0,0.0,0.0,0.0,0.0,7,0.0,0.0,35.0,0.0,35.0,False,False,,completed,
4,DoubleMAStrategy_Opt_4,"{""contract"": ""SHFE.rb2410"", ""kline_duration"": 60, ""use_ema"": false, ""use_rsi_filter"": true, ""short_period"": 2, ""long_period"": 8, ""rsi_period"": 14, ""rsi_threshold"": 45.0}",2024-01-02,2024-02-01,1000000.0,1000000.0,0.0,0.0,0.0,0.0,0.0,0.0,0.0,0.0,5,0.0,0.0,25.0,0.0,25.0,False,False,,completed,
5,DoubleMAStrategy_Opt_5,"{""contract"": ""SHFE.rb2410"", ""kline_duration"": 60, ""use_ema"": false, ""use_rsi_filter"": true, ""short_period"": 2, ""long_period"": 8, ""rsi_period"": 14, ""rsi_threshold"": 50.0}",2024-01-02,2024-02-01,1000000.0,1000000.0,0.0,0.0,0.0,0.0,0.0,0.0,0.0,0.0,5,0.0,0.0,25.0,0.0,25.0,False,False,,completed,
6,DoubleMAStrategy_Opt_6,"{""contract"": ""SHFE.rb2410"", ""kline_duration"": 60, ""use_ema"": false, ""use_rsi_filter"": true, ""short_period"": 2, ""long_period"": 8, ""rsi_period"": 14, ""rsi_threshold"": 55.0}",2024-01-02,2024-02-01,1000000.0,1000000.0,0.0,0.0,0.0,0.0,0.0,0.0,0.0,0.0,1,0.0,0.0,5.0,0.0,5.0,False,False,,completed,
7,DoubleMAStrategy_Opt_7,"{""contract"": ""SHFE.rb2410"", ""kline_duration"": 60, ""use_ema"": false, ""use_rsi_filter"": true, ""short_period"": 2, ""long_period"": 8, ""rsi_period"": 21, ""rsi_threshold"": 45.0}",2024-01-02,2024-02-01,1000000.0,1000000.0,0.0,0.0,0.0,0.0,0.0,0.0,0.0,0.0,5,0.0,0.0,25.0,0.0,25.0,False,False,,completed,
8,DoubleMAStrategy_Opt_8,"{""contract"": ""SHFE.rb2410"", ""kline_duration"": 60, ""use_ema"": false, ""use_rsi_filter"": true, ""short_period"": 2, ""long_period"": 8, ""rsi_period"": 21, ""rsi_threshold"": 50.0}",2024-01-02,2024-02-01,1000000.0,1000000.0,0.0,0.0,0.0,0.0,0.0,0.0,0.0,0.0,5,0.0,0.0,25.0,0.0,25.0,False,False,,completed,
9,DoubleMAStrategy_Opt_9,"{""contract"": ""SHFE.rb2410"", ""kline_duration"": 60, ""use_ema"": false, ""use_rsi_filter"": true, ""short_period"": 2, ""long_period"": 8, ""rsi_period"": 21, ""rsi_threshold"": 55.0}",2024-01-02,2024-02-01,1000000.0,1000000.0,0.0,0.0,0.0,0.0,0.0,0.0,0.0,0.0,5,0.0,0.0,25.0,0.0,25.0,False,False,,completed,
10,DoubleMAStrategy_Opt_10,"{""contract"": ""SHFE.rb2410"", ""kline_duration"": 60, ""use_ema"": false, ""use_rsi_filter"": true, ""short_period"": 2, ""long_period"": 10, ""rsi_period"": 7, ""rsi_threshold"": 45.0}",2024-01-02,2024-02-01,1000000.0,1000000.0,0.0,0.0,0.0,0.0,0.0,0.0,0.0,0.0,1,0.0,0.0,5.0,0.0,5.0,False,False,,completed,
11,DoubleMAStrategy_Opt_11,"{""contract"": ""SHFE.rb2410"", ""kline_duration"": 60, ""use_ema"": false, ""use_rsi_filter"": true, ""short_period"": 2, ""long_period"": 10, ""rsi_period"": 7, ""rsi_threshold"": 50.0}",2024-01-02,2024-02-01,1000000.0,1000000.0,0.0,0.0,0.0,0.0,0.0,0.0,0.0,0.0,5,0.0,0.0,25.0,0.0,25.0,False,False,,completed,
12,DoubleMAStrategy_Opt_12,"{""contract"": ""SHFE.rb2410"", ""kline_duration"": 60, ""use_ema"": false, ""use_rsi_filter"": true, ""short_period"": 2, ""long_period"": 10, ""rsi_period"": 7, ""rsi_threshold"": 55.0}",2024-01-02,2024-02-01,1000000.0,1000000.0,0.0,0.0,0.0,0.0,0.0,0.0,0.0,0.0,5,0.0,0.0,25.0,0.0,25.0,False,False,,completed,
13,DoubleMAStrategy_Opt_13,"{""contract"": ""SHFE.rb2410"", ""kline_duration"": 60, ""use_ema"": false, ""use_rsi_filter"": true, ""short_period"": 2, ""long_period"": 10, ""rsi_period"": 14, ""rsi_threshold"": 45.0}",2024-01-02,2024-02-01,1000000.0,1000000.0,0.0,0.0,0.0,0.0,0.0,0.0,0.0,0.0,1,0.0,0.0,5.0,0.0,5.0,False,False,,completed,
14,DoubleMAStrategy_Opt_15,"{""contract"": ""SHFE.rb2410"", ""kline_duration"": 60, ""use_ema"": false, ""use_rsi_filter"": true, ""short_period"": 2, ""long_period"": 10, ""rsi_period"": 14, ""rsi_threshold"": 55.0}",2024-01-02,2024-02-01,1000000.0,1000000.0,0.0,0.0,0.0,0.0,0.0,0.0,0.0,0.0,1,0.0,0.0,5.0,0.0,5.0,False,False,,completed,
15,DoubleMAStrategy_Opt_16,"{""contract"": ""SHFE.rb2410"", ""kline_duration"": 60, ""use_ema"": false, ""use_rsi_filter"": true, ""short_period"": 2, ""long_period"": 10, ""rsi_period"": 21, ""rsi_threshold"": 45.0}",2024-01-02,2024-02-01,1000000.0,1000000.0,0.0,0.0,0.0,0.0,0.0,0.0,0.0,0.0,3,0.0,0.0,15.0,0.0,15.0,False,False,,completed,
16,DoubleMAStrategy_Opt_17,"{""contract"": ""SHFE.rb2410"", ""kline_duration"": 60, ""use_ema"": false, ""use_rsi_filter"": true, ""short_period"": 2, ""long_period"": 10, ""rsi_period"": 21, ""rsi_threshold"": 50.0}",2024-01-02,2024-02-01,1000000.0,1000000.0,0.0,0.0,0.0,0.0,0.0,0.0,0.0,0.0,1,0.0,0.0,5.0,0.0,5.0,False,False,,completed,
17,DoubleMAStrategy_Opt_19,"{""contract"": ""SHFE.rb2410"", ""kline_duration"": 60, ""use_ema"": false, ""use_rsi_filter"": true, ""short_period"": 2, ""long_period"": 12, ""rsi_period"": 7, ""rsi_threshold"": 45.0}",2024-01-02,2024-02-01,1000000.0,1000000.0,0.0,0.0,0.0,0.0,0.0,0.0,0.0,0.0,3,0.0,0.0,15.0,0.0,15.0,False,False,,completed,
18,DoubleMAStrategy_Opt_20,"{""contract"": ""SHFE.rb2410"", ""kline_duration"": 60, ""use_ema"": false, ""use_rsi_filter"": true, ""short_period"": 2, ""long_period"": 12, ""rsi_period"": 7, ""rsi_threshold"": 50.0}",2024-01-02,2024-02-01,1000000.0,1000000.0,0.0,0.0,0.0,0.0,0.0,0.0,0.0,0.0,3,0.0,0.0,15.0,0.0,15.0,False,False,,completed,
19,DoubleMAStrategy_Opt_21,"{""contract"": ""SHFE.rb2410"", ""kline_duration"": 60, ""use_ema"": false, ""use_rsi_filter"": true, ""short_period"": 2, ""long_period"": 12, ""rsi_period"": 7, ""rsi_threshold"": 55.0}",2024-01-02,2024-02-01,1000000.0,1000000.0,0.0,0.0,0.0,0.0,0.0,0.0,0.0,0.0,1,0.0,0.0,5.0,0.0,5.0,False,False,,completed,
20,DoubleMAStrategy_Opt_23,"{""contract"": ""SHFE.rb2410"", ""kline_duration"": 60, ""use_ema"": false, ""use_rsi_filter"": true, ""short_period"": 2, ""long_period"": 12, ""rsi_period"": 14, ""rsi_threshold"": 50.0}",2024-01-02,2024-02-01,1000000.0,1000000.0,0.0,0.0,0.0,0.0,0.0,0.0,0.0,0.0,1,0.0,0.0,5.0,0.0,5.0,False,False,,completed,
21,DoubleMAStrategy_Opt_25,"{""contract"": ""SHFE.rb2410"", ""kline_duration"": 60, ""use_ema"": false, ""use_rsi_filter"": true, ""short_period"": 2, ""long_period"": 12, ""rsi_period"": 21, ""rsi_threshold"": 45.0}",2024-01-02,2024-02-01,1000000.0,1000000.0,0.0,0.0,0.0,0.0,0.0,0.0,0.0,0.0,1,0.0,0.0,5.0,0.0,5.0,False,False,,completed,
22,DoubleMAStrategy_Opt_27,"{""contract"": ""SHFE.rb2410"", ""kline_duration"": 60, ""use_ema"": false, ""use_rsi_filter"": true, ""short_period"": 2, ""long_period"": 12, ""rsi_period"": 21, ""rsi_threshold"": 55.0}",2024-01-02,2024-02-01,1000000.0,1000000.0,0.0,0.0,0.0,0.0,0.0,0.0,0.0,0.0,1,0.0,0.0,5.0,0.0,5.0,False,False,,completed,
23,DoubleMAStrategy_Opt_28,"{""contract"": ""SHFE.rb2410"", ""kline_duration"": 60, ""use_ema"": false, ""use_rsi_filter"": true, ""short_period"": 2, ""long_period"": 14, ""rsi_period"": 7, ""rsi_threshold"": 45.0}",2024-01-02,2024-02-01,1000000.0,1000000.0,0.0,0.0,0.0,0.0,0.0,0.0,0.0,0.0,1,0.0,0.0,5.0,0.0,5.0,False,False,,completed,
24,DoubleMAStrategy_Opt_29,"{""contract"": ""SHFE.rb2410"", ""kline_duration"": 60, ""use_ema"": false, ""use_rsi_filter"": true, ""short_period"": 2, ""long_period"": 14, ""rsi_period"": 7, ""rsi_threshold"": 50.0}",2024-01-02,2024-02-01,1000000.0,1000000.0,0.0,0.0,0.0,0.0,0.0,0.0,0.0,0.0,1,0.0,0.0,5.0,0.0,5.0,False,False,,completed,
25,DoubleMAStrategy_Opt_30,"{""contract"": ""SHFE.rb2410"", ""kline_duration"": 60, ""use_ema"": false, ""use_rsi_filter"": true, ""short_period"": 2, ""long_period"": 14, ""rsi_period"": 7, ""rsi_threshold"": 55.0}",2024-01-02,2024-02-01,1000000.0,1000000.0,0.0,0.0,0.0,0.0,0.0,0.0,0.0,0.0,5,0.0,0.0,25.0,0.0,25.0,False,False,,completed,
26,DoubleMAStrategy_Opt_31,"{""contract"": ""SHFE.rb2410"", ""kline_duration"": 60, ""use_ema"": false, ""use_rsi_filter"": true, ""short_period"": 2, ""long_period"": 14, ""rsi_period"": 14, ""rsi_threshold"": 45.0}",2024-01-02,2024-02-01,1000000.0,1000000.0,0.0,0.0,0.0,0.0,0.0,0.0,0.0,0.0,1,0.0,0.0,5.0,0.0,5.0,False,False,,completed,
27,DoubleMAStrategy_Opt_32,"{""contract"": ""SHFE.rb2410"", ""kline_duration"": 60, ""use_ema"": false, ""use_rsi_filter"": true, ""short_period"": 2, ""long_period"": 14, ""rsi_period"": 14, ""rsi_threshold"": 50.0}",2024-01-02,2024-02-01,1000000.0,1000000.0,0.0,0.0,0.0,0.0,0.0,0.0,0.0,0.0,1,0.0,0.0,5.0,0.0,5.0,False,False,,completed,
28,DoubleMAStrategy_Opt_34,"{""contract"": ""SHFE.rb2410"", ""kline_duration"": 60, ""use_ema"": false, ""use_rsi_filter"": true, ""short_period"": 2, ""long_period"": 14, ""rsi_period"": 21, ""rsi_threshold"": 45.0}",2024-01-02,2024-02-01,1000000.0,1000000.0,0.0,0.0,0.0,0.0,0.0,0.0,0.0,0.0,1,0.0,0.0,5.0,0.0,5.0,False,False,,completed,
29,DoubleMAStrategy_Opt_35,"{""contract"": ""SHFE.rb2410"", ""kline_duration"": 60, ""use_ema"": false, ""use_rsi_filter"": true, ""short_period"": 2, ""long_period"": 14, ""rsi_period"": 21, ""rsi_threshold"": 50.0}",2024-01-02,2024-02-01,1000000.0,1000000.0,0.0,0.0,0.0,0.0,0.0,0.0,0.0,0.0,1,0.0,0.0,5.0,0.0,5.0,False,False,,completed,
30,DoubleMAStrategy_Opt_36,"{""contract"": ""SHFE.rb2410"", ""kline_duration"": 60, ""use_ema"": false, ""use_rsi_filter"": true, ""short_period"": 2, ""long_period"": 14, ""rsi_period"": 21, ""rsi_threshold"": 55.0}",2024-01-02,2024-02-01,1000000.0,1000000.0,0.0,0.0,0.0,0.0,0.0,0.0,0.0,0.0,1,0.0,0.0,5.0,0.0,5.0,False,False,,completed,
31,DoubleMAStrategy_Opt_37,"{""contract"": ""SHFE.rb2410"", ""kline_duration"": 60, ""use_ema"": false, ""use_rsi_filter"": true, ""short_period"": 3, ""long_period"": 8, ""rsi_period"": 7, ""rsi_threshold"": 45.0}",2024-01-02,2024-02-01,1000000.0,1000000.0,0.0,0.0,0.0,0.0,0.0,0.0,0.0,0.0,3,0.0,0.0,15.0,0.0,15.0,False,False,,completed,
32,DoubleMAStrategy_Opt_39,"{""contract"": ""SHFE.rb2410"", ""kline_duration"": 60, ""use_ema"": false, ""use_rsi_filter"": true, ""short_period"": 3, ""long_period"": 8, ""rsi_period"": 7, ""rsi_threshold"": 55.0}",2024-01-02,2024-02-01,1000000.0,1000000.0,0.0,0.0,0.0,0.0,0.0,0.0,0.0,0.0,11,0.0,0.0,55.0,0.0,55.0,False,False,,completed,
33,DoubleMAStrategy_Opt_40,"{""contract"": ""SHFE.rb2410"", ""kline_duration"": 60, ""use_ema"": false, ""use_rsi_filter"": true, ""short_period"": 3, ""long_period"": 8, ""rsi_period"": 14, ""rsi_threshold"": 45.0}",2024-01-02,2024-02-01,1000000.0,1000000.0,0.0,0.0,0.0,0.0,0.0,0.0,0.0,0.0,1,0.0,0.0,5.0,0.0,5.0,False,False,,completed,
34,DoubleMAStrategy_Opt_41,"{""contract"": ""SHFE.rb2410"", ""kline_duration"": 60, ""use_ema"": false, ""use_rsi_filter"": true, ""short_period"": 3, ""long_period"": 8, ""rsi_period"": 14, ""rsi_threshold"": 50.0}",2024-01-02,2024-02-01,1000000.0,1000000.0,0.0,0.0,0.0,0.0,0.0,0.0,0.0,0.0,5,0.0,0.0,25.0,0.0,25.0,False,False,,completed,
35,DoubleMAStrategy_Opt_43,"{""contract"": ""SHFE.rb2410"", ""kline_duration"": 60, ""use_ema"": false, ""use_rsi_filter"": true, ""short_period"": 3, ""long_period"": 8, ""rsi_period"": 21, ""rsi_threshold"": 45.0}",2024-01-02,2024-02-01,1000000.0,1000000.0,0.0,0.0,0.0,0.0,0.0,0.0,0.0,0.0,1,0.0,0.0,5.0,0.0,5.0,False,False,,completed,
36,DoubleMAStrategy_Opt_44,"{""contract"": ""SHFE.rb2410"", ""kline_duration"": 60, ""use_ema"": false, ""use_rsi_filter"": true, ""short_period"": 3, ""long_period"": 8, ""rsi_period"": 21, ""rsi_threshold"": 50.0}",2024-01-02,2024-02-01,1000000.0,1000000.0,0.0,0.0,0.0,0.0,0.0,0.0,0.0,0.0,1,0.0,0.0,5.0,0.0,5.0,False,False,,completed,
37,DoubleMAStrategy_Opt_46,"{""contract"": ""SHFE.rb2410"", ""kline_duration"": 60, ""use_ema"": false, ""use_rsi_filter"": true, ""short_period"": 3, ""long_period"": 10, ""rsi_period"": 7, ""rsi_threshold"": 45.0}",2024-01-02,2024-02-01,1000000.0,1000000.0,0.0,0.0,0.0,0.0,0.0,0.0,0.0,0.0,3,0.0,0.0,15.0,0.0,15.0,False,False,,completed,
38,DoubleMAStrategy_Opt_47,"{""contract"": ""SHFE.rb2410"", ""kline_duration"": 60, ""use_ema"": false, ""use_rsi_filter"": true, ""short_period"": 3, ""long_period"": 10, ""rsi_period"": 7, ""rsi_threshold"": 50.0}",2024-01-02,2024-02-01,1000000.0,1000000.0,0.0,0.0,0.0,0.0,0.0,0.0,0.0,0.0,5,0.0,0.0,25.0,0.0,25.0,False,False,,completed,
39,DoubleMAStrategy_Opt_48,"{""contract"": ""SHFE.rb2410"", ""kline_duration"": 60, ""use_ema"": false, ""use_rsi_filter"": true, ""short_period"": 3, ""long_period"": 10, ""rsi_period"": 7, ""rsi_threshold"": 55.0}",2024-01-02,2024-02-01,1000000.0,1000000.0,0.0,0.0,0.0,0.0,0.0,0.0,0.0,0.0,1,0.0,0.0,5.0,0.0,5.0,False,False,,completed,
40,DoubleMAStrategy_Opt_50,"{""contract"": ""SHFE.rb2410"", ""kline_duration"": 60, ""use_ema"": false, ""use_rsi_filter"": true, ""short_period"": 3, ""long_period"": 10, ""rsi_period"": 14, ""rsi_threshold"": 50.0}",2024-01-02,2024-02-01,1000000.0,1000000.0,0.0,0.0,0.0,0.0,0.0,0.0,0.0,0.0,1,0.0,0.0,5.0,0.0,5.0,False,False,,completed,
41,DoubleMAStrategy_Opt_51,"{""contract"": ""SHFE.rb2410"", ""kline_duration"": 60, ""use_ema"": false, ""use_rsi_filter"": true, ""short_period"": 3, ""long_period"": 10, ""rsi_period"": 14, ""rsi_threshold"": 55.0}",2024-01-02,2024-02-01,1000000.0,1000000.0,0.0,0.0,0.0,0.0,0.0,0.0,0.0,0.0,1,0.0,0.0,5.0,0.0,5.0,False,False,,completed,
42,DoubleMAStrategy_Opt_52,"{""contract"": ""SHFE.rb2410"", ""kline_duration"": 60, ""use_ema"": false, ""use_rsi_filter"": true, ""short_period"": 3, ""long_period"": 10, ""rsi_period"": 21, ""rsi_threshold"": 45.0}",2024-01-02,2024-02-01,1000000.0,1000000.0,0.0,0.0,0.0,0.0,0.0,0.0,0.0,0.0,3,0.0,0.0,15.0,0.0,15.0,False,False,,completed,
43,DoubleMAStrategy_Opt_54,"{""contract"": ""SHFE.rb2410"", ""kline_duration"": 60, ""use_ema"": false, ""use_rsi_filter"": true, ""short_period"": 3, ""long_period"": 10, ""rsi_period"": 21, ""rsi_threshold"": 55.0}",2024-01-02,2024-02-01,1000000.0,1000000.0,0.0,0.0,0.0,0.0,0.0,0.0,0.0,0.0,1,0.0,0.0,5.0,0.0,5.0,False,False,,completed,
44,DoubleMAStrategy_Opt_55,"{""contract"": ""SHFE.rb2410"", ""kline_duration"": 60, ""use_ema"": false, ""use_rsi_filter"": true, ""short_period"": 3, ""long_period"": 12, ""rsi_period"": 7, ""rsi_threshold"": 45.0}",2024-01-02,2024-02-01,1000000.0,1000000.0,0.0,0.0,0.0,0.0,0.0,0.0,0.0,0.0,3,0.0,0.0,15.0,0.0,15.0,False,False,,completed,
45,DoubleMAStrategy_Opt_56,"{""contract"": ""SHFE.rb2410"", ""kline_duration"": 60, ""use_ema"": false, ""use_rsi_filter"": true, ""short_period"": 3, ""long_period"": 12, ""rsi_period"": 7, ""rsi_threshold"": 50.0}",2024-01-02,2024-02-01,1000000.0,1000000.0,0.0,0.0,0.0,0.0,0.0,0.0,0.0,0.0,5,0.0,0.0,25.0,0.0,25.0,False,False,,completed,
46,DoubleMAStrategy_Opt_58,"{""contract"": ""SHFE.rb2410"", ""kline_duration"": 60, ""use_ema"": false, ""use_rsi_filter"": true, ""short_period"": 3, ""long_period"": 12, ""rsi_period"": 14, ""rsi_threshold"": 45.0}",2024-01-02,2024-02-01,1000000.0,1000000.0,0.0,0.0,0.0,0.0,0.0,0.0,0.0,0.0,1,0.0,0.0,5.0,0.0,5.0,False,False,,completed,
47,DoubleMAStrategy_Opt_59,"{""contract"": ""SHFE.rb2410"", ""kline_duration"": 60, ""use_ema"": false, ""use_rsi_filter"": true, ""short_period"": 3, ""long_period"": 12, ""rsi_period"": 14, ""rsi_threshold"": 50.0}",2024-01-02,2024-02-01,1000000.0,1000000.0,0.0,0.0,0.0,0.0,0.0,0.0,0.0,0.0,1,0.0,0.0,5.0,0.0,5.0,False,False,,completed,
48,DoubleMAStrategy_Opt_61,"{""contract"": ""SHFE.rb2410"", ""kline_duration"": 60, ""use_ema"": false, ""use_rsi_filter"": true, ""short_period"": 3, ""long_period"": 12, ""rsi_period"": 21, ""rsi_threshold"": 45.0}",2024-01-02,2024-02-01,1000000.0,1000000.0,0.0,0.0,0.0,0.0,0.0,0.0,0.0,0.0,1,0.0,0.0,5.0,0.0,5.0,False,False,,completed,
49,DoubleMAStrategy_Opt_63,"{""contract"": ""SHFE.rb2410"", ""kline_duration"": 60, ""use_ema"": false, ""use_rsi_filter"": true, ""short_period"": 3, ""long_period"": 12, ""rsi_period"": 21, ""rsi_threshold"": 55.0}",2024-01-02,2024-02-01,1000000.0,1000000.0,0.0,0.0,0.0,0.0,0.0,0.0,0.0,0.0,1,0.0,0.0,5.0,0.0,5.0,False,False,,completed,
50,DoubleMAStrategy_Opt_64,"{""contract"": ""SHFE.rb2410"", ""kline_duration"": 60, ""use_ema"": false, ""use_rsi_filter"": true, ""short_period"": 3, ""long_period"": 14, ""rsi_period"": 7, ""rsi_threshold"": 45.0}",2024-01-02,2024-02-01,1000000.0,1000000.0,0.0,0.0,0.0,0.0,0.0,0.0,0.0,0.0,3,0.0,0.0,15.0,0.0,15.0,False,False,,completed,
51,DoubleMAStrategy_Opt_65,"{""contract"": ""SHFE.rb2410"", ""kline_duration"": 60, ""use_ema"": false, ""use_rsi_filter"": true, ""short_period"": 3, ""long_period"": 14, ""rsi_period"": 7, ""rsi_threshold"": 50.0}",2024-01-02,2024-02-01,1000000.0,1000000.0,0.0,0.0,0.0,0.0,0.0,0.0,0.0,0.0,1,0.0,0.0,5.0,0.0,5.0,False,False,,completed,
52,DoubleMAStrategy_Opt_66,"{""contract"": ""SHFE.rb2410"", ""kline_duration"": 60, ""use_ema"": false, ""use_rsi_filter"": true, ""short_period"": 3, ""long_period"": 14, ""rsi_period"": 7, ""rsi_threshold"": 55.0}",2024-01-02,2024-02-01,1000000.0,1000000.0,0.0,0.0,0.0,0.0,0.0,0.0,0.0,0.0,1,0.0,0.0,5.0,0.0,5.0,False,False,,completed,
53,DoubleMAStrategy_Opt_67,"{""contract"": ""SHFE.rb2410"", ""kline_duration"": 60, ""use_ema"": false, ""use_rsi_filter"": true, ""short_period"": 3, ""long_period"": 14, ""rsi_period"": 14, ""rsi_threshold"": 45.0}",2024-01-02,2024-02-01,1000000.0,1000000.0,0.0,0.0,0.0,0.0,0.0,0.0,0.0,0.0,1,0.0,0.0,5.0,0.0,5.0,False,False,,completed,
54,DoubleMAStrategy_Opt_71,"{""contract"": ""SHFE.rb2410"", ""kline_duration"": 60, ""use_ema"": false, ""use_rsi_filter"": true, ""short_period"": 3, ""long_period"": 14, ""rsi_period"": 21, ""rsi_threshold"": 50.0}",2024-01-02,2024-02-01,1000000.0,1000000.0,0.0,0.0,0.0,0.0,0.0,0.0,0.0,0.0,1,0.0,0.0,5.0,0.0,5.0,False,False,,completed,
55,DoubleMAStrategy_Opt_73,"{""contract"": ""SHFE.rb2410"", ""kline_duration"": 60, ""use_ema"": false, ""use_rsi_filter"": true, ""short_period"": 4, ""long_period"": 8, ""rsi_period"": 7, ""rsi_threshold"": 45.0}",2024-01-02,2024-02-01,1000000.0,1000000.0,0.0,0.0,0.0,0.0,0.0,0.0,0.0,0.0,5,0.0,0.0,25.0,0.0,25.0,False,False,,completed,
56,DoubleMAStrategy_Opt_75,"{""contract"": ""SHFE.rb2410"", ""kline_duration"": 60, ""use_ema"": false, ""use_rsi_filter"": true, ""short_period"": 4, ""long_period"": 8, ""rsi_period"": 7, ""rsi_threshold"": 55.0}",2024-01-02,2024-02-01,1000000.0,1000000.0,0.0,0.0,0.0,0.0,0.0,0.0,0.0,0.0,5,0.0,0.0,25.0,0.0,25.0,False,False,,completed,
57,DoubleMAStrategy_Opt_76,"{""contract"": ""SHFE.rb2410"", ""kline_duration"": 60, ""use_ema"": false, ""use_rsi_filter"": true, ""short_period"": 4, ""long_period"": 8, ""rsi_period"": 14, ""rsi_threshold"": 45.0}",2024-01-02,2024-02-01,1000000.0,1000000.0,0.0,0.0,0.0,0.0,0.0,0.0,0.0,0.0,1,0.0,0.0,5.0,0.0,5.0,False,False,,completed,
58,DoubleMAStrategy_Opt_77,"{""contract"": ""SHFE.rb2410"", ""kline_duration"": 60, ""use_ema"": false, ""use_rsi_filter"": true, ""short_period"": 4, ""long_period"": 8, ""rsi_period"": 14, ""rsi_threshold"": 50.0}",2024-01-02,2024-02-01,1000000.0,1000000.0,0.0,0.0,0.0,0.0,0.0,0.0,0.0,0.0,5,0.0,0.0,25.0,0.0,25.0,False,False,,completed,
59,DoubleMAStrategy_Opt_79,"{""contract"": ""SHFE.rb2410"", ""kline_duration"": 60, ""use_ema"": false, ""use_rsi_filter"": true, ""short_period"": 4, ""long_period"": 8, ""rsi_period"": 21, ""rsi_threshold"": 45.0}",2024-01-02,2024-02-01,1000000.0,1000000.0,0.0,0.0,0.0,0.0,0.0,0.0,0.0,0.0,1,0.0,0.0,5.0,0.0,5.0,False,False,,completed,
60,DoubleMAStrategy_Opt_80,"{""contract"": ""SHFE.rb2410"", ""kline_duration"": 60, ""use_ema"": false, ""use_rsi_filter"": true, ""short_period"": 4, ""long_period"": 8, ""rsi_period"": 21, ""rsi_threshold"": 50.0}",2024-01-02,2024-02-01,1000000.0,1000000.0,0.0,0.0,0.0,0.0,0.0,0.0,0.0,0.0,1,0.0,0.0,5.0,0.0,5.0,False,False,,completed,
61,DoubleMAStrategy_Opt_82,"{""contract"": ""SHFE.rb2410"", ""kline_duration"": 60, ""use_ema"": false, ""use_rsi_filter"": true, ""short_period"": 4, ""long_period"": 10, ""rsi_period"": 7, ""rsi_threshold"": 45.0}",2024-01-02,2024-02-01,1000000.0,1000000.0,0.0,0.0,0.0,0.0,0.0,0.0,0.0,0.0,1,0.0,0.0,5.0,0.0,5.0,False,False,,completed,
62,DoubleMAStrategy_Opt_83,"{""contract"": ""SHFE.rb2410"", ""kline_duration"": 60, ""use_ema"": false, ""use_rsi_filter"": true, ""short_period"": 4, ""long_period"": 10, ""rsi_period"": 7, ""rsi_threshold"": 50.0}",2024-01-02,2024-02-01,1000000.0,1000000.0,0.0,0.0,0.0,0.0,0.0,0.0,0.0,0.0,5,0.0,0.0,25.0,0.0,25.0,False,False,,completed,
63,DoubleMAStrategy_Opt_84,"{""contract"": ""SHFE.rb2410"", ""kline_duration"": 60, ""use_ema"": false, ""use_rsi_filter"": true, ""short_period"": 4, ""long_period"": 10, ""rsi_period"": 7, ""rsi_threshold"": 55.0}",2024-01-02,2024-02-01,1000000.0,1000000.0,0.0,0.0,0.0,0.0,0.0,0.0,0.0,0.0,1,0.0,0.0,5.0,0.0,5.0,False,False,,completed,
64,DoubleMAStrategy_Opt_85,"{""contract"": ""SHFE.rb2410"", ""kline_duration"": 60, ""use_ema"": false, ""use_rsi_filter"": true, ""short_period"": 4, ""long_period"": 10, ""rsi_period"": 14, ""rsi_threshold"": 45.0}",2024-01-02,2024-02-01,1000000.0,1000000.0,0.0,0.0,0.0,0.0,0.0,0.0,0.0,0.0,1,0.0,0.0,5.0,0.0,5.0,False,False,,completed,
65,DoubleMAStrategy_Opt_87,"{""contract"": ""SHFE.rb2410"", ""kline_duration"": 60, ""use_ema"": false, ""use_rsi_filter"": true, ""short_period"": 4, ""long_period"": 10, ""rsi_period"": 14, ""rsi_threshold"": 55.0}",2024-01-02,2024-02-01,1000000.0,1000000.0,0.0,0.0,0.0,0.0,0.0,0.0,0.0,0.0,1,0.0,0.0,5.0,0.0,5.0,False,False,,completed,
66,DoubleMAStrategy_Opt_86,"{""contract"": ""SHFE.rb2410"", ""kline_duration"": 60, ""use_ema"": false, ""use_rsi_filter"": true, ""short_period"": 4, ""long_period"": 10, ""rsi_period"": 14, ""rsi_threshold"": 50.0}",2024-01-02,2024-02-01,1000000.0,1000000.0,0.0,0.0,0.0,0.0,0.0,0.0,0.0,0.0,1,0.0,0.0,5.0,0.0,5.0,False,False,,completed,
67,DoubleMAStrategy_Opt_89,"{""contract"": ""SHFE.rb2410"", ""kline_duration"": 60, ""use_ema"": false, ""use_rsi_filter"": true, ""short_period"": 4, ""long_period"": 10, ""rsi_period"": 21, ""rsi_threshold"": 50.0}",2024-01-02,2024-02-01,1000000.0,1000000.0,0.0,0.0,0.0,0.0,0.0,0.0,0.0,0.0,1,0.0,0.0,5.0,0.0,5.0,False,False,,completed,
68,DoubleMAStrategy_Opt_90,"{""contract"": ""SHFE.rb2410"", ""kline_duration"": 60, ""use_ema"": false, ""use_rsi_filter"": true, ""short_period"": 4, ""long_period"": 10, ""rsi_period"": 21, ""rsi_threshold"": 55.0}",2024-01-02,2024-02-01,1000000.0,1000000.0,0.0,0.0,0.0,0.0,0.0,0.0,0.0,0.0,1,0.0,0.0,5.0,0.0,5.0,False,False,,completed,
69,DoubleMAStrategy_Opt_91,"{""contract"": ""SHFE.rb2410"", ""kline_duration"": 60, ""use_ema"": false, ""use_rsi_filter"": true, ""short_period"": 4, ""long_period"": 12, ""rsi_period"": 7, ""rsi_threshold"": 45.0}",2024-01-02,2024-02-01,1000000.0,1000000.0,0.0,0.0,0.0,0.0,0.0,0.0,0.0,0.0,3,0.0,0.0,15.0,0.0,15.0,False,False,,completed,
70,DoubleMAStrategy_Opt_92,"{""contract"": ""SHFE.rb2410"", ""kline_duration"": 60, ""use_ema"": false, ""use_rsi_filter"": true, ""short_period"": 4, ""long_period"": 12, ""rsi_period"": 7, ""rsi_threshold"": 50.0}",2024-01-02,2024-02-01,1000000.0,1000000.0,0.0,0.0,0.0,0.0,0.0,0.0,0.0,0.0,5,0.0,0.0,25.0,0.0,25.0,False,False,,completed,
71,DoubleMAStrategy_Opt_93,"{""contract"": ""SHFE.rb2410"", ""kline_duration"": 60, ""use_ema"": false, ""use_rsi_filter"": true, ""short_period"": 4, ""long_period"": 12, ""rsi_period"": 7, ""rsi_threshold"": 55.0}",2024-01-02,2024-02-01,1000000.0,1000000.0,0.0,0.0,0.0,0.0,0.0,0.0,0.0,0.0,1,0.0,0.0,5.0,0.0,5.0,False,False,,completed,
72,DoubleMAStrategy_Opt_94,"{""contract"": ""SHFE.rb2410"", ""kline_duration"": 60, ""use_ema"": false, ""use_rsi_filter"": true, ""short_period"": 4, ""long_period"": 12, ""rsi_period"": 14, ""rsi_threshold"": 45.0}",2024-01-02,2024-02-01,1000000.0,1000000.0,0.0,0.0,0.0,0.0,0.0,0.0,0.0,0.0,1,0.0,0.0,5.0,0.0,5.0,False,False,,completed,
73,DoubleMAStrategy_Opt_95,"{""contract"": ""SHFE.rb2410"", ""kline_duration"": 60, ""use_ema"": false, ""use_rsi_filter"": true, ""short_period"": 4, ""long_period"": 12, ""rsi_period"": 14, ""rsi_threshold"": 50.0}",2024-01-02,2024-02-01,1000000.0,1000000.0,0.0,0.0,0.0,0.0,0.0,0.0,0.0,0.0,1,0.0,0.0,5.0,0.0,5.0,False,False,,completed,
74,DoubleMAStrategy_Opt_98,"{""contract"": ""SHFE.rb2410"", ""kline_duration"": 60, ""use_ema"": false, ""use_rsi_filter"": true, ""short_period"": 4, ""long_period"": 12, ""rsi_period"": 21, ""rsi_threshold"": 50.0}",2024-01-02,2024-02-01,1000000.0,1000000.0,0.0,0.0,0.0,0.0,0.0,0.0,0.0,0.0,1,0.0,0.0,5.0,0.0,5.0,False,False,,completed,
75,DoubleMAStrategy_Opt_99,"{""contract"": ""SHFE.rb2410"", ""kline_duration"": 60, ""use_ema"": false, ""use_rsi_filter"": true, ""short_period"": 4, ""long_period"": 12, ""rsi_period"": 21, ""rsi_threshold"": 55.0}",2024-01-02,2024-02-01,1000000.0,1000000.0,0.0,0.0,0.0,0.0,0.0,0.0,0.0,0.0,1,0.0,0.0,5.0,0.0,5.0,False,False,,completed,
76,DoubleMAStrategy_Opt_100,"{""contract"": ""SHFE.rb2410"", ""kline_duration"": 60, ""use_ema"": false, ""use_rsi_filter"": true, ""short_period"": 4, ""long_period"": 14, ""rsi_period"": 7, ""rsi_threshold"": 45.0}",2024-01-02,2024-02-01,1000000.0,1000000.0,0.0,0.0,0.0,0.0,0.0,0.0,0.0,0.0,3,0.0,0.0,15.0,0.0,15.0,False,False,,completed,
77,DoubleMAStrategy_Opt_101,"{""contract"": ""SHFE.rb2410"", ""kline_duration"": 60, ""use_ema"": false, ""use_rsi_filter"": true, ""short_period"": 4, ""long_period"": 14, ""rsi_period"": 7, ""rsi_threshold"": 50.0}",2024-01-02,2024-02-01,1000000.0,1000000.0,0.0,0.0,0.0,0.0,0.0,0.0,0.0,0.0,3,0.0,0.0,15.0,0.0,15.0,False,False,,completed,
78,DoubleMAStrategy_Opt_102,"{""contract"": ""SHFE.rb2410"", ""kline_duration"": 60, ""use_ema"": false, ""use_rsi_filter"": true, ""short_period"": 4, ""long_period"": 14, ""rsi_period"": 7, ""rsi_threshold"": 55.0}",2024-01-02,2024-02-01,1000000.0,1000000.0,0.0,0.0,0.0,0.0,0.0,0.0,0.0,0.0,5,0.0,0.0,25.0,0.0,25.0,False,False,,completed,
79,DoubleMAStrategy_Opt_103,"{""contract"": ""SHFE.rb2410"", ""kline_duration"": 60, ""use_ema"": false, ""use_rsi_filter"": true, ""short_period"": 4, ""long_period"": 14, ""rsi_period"": 14, ""rsi_threshold"": 45.0}",2024-01-02,2024-02-01,1000000.0,1000000.0,0.0,0.0,0.0,0.0,0.0,0.0,0.0,0.0,1,0.0,0.0,5.0,0.0,5.0,False,False,,completed,
80,DoubleMAStrategy_Opt_109,"{""contract"": ""SHFE.rb2410"", ""kline_duration"": 60, ""use_ema"": false, ""use_rsi_filter"": true, ""short_period"": 5, ""long_period"": 8, ""rsi_period"": 7, ""rsi_threshold"": 45.0}",2024-01-02,2024-02-01,1000000.0,1000000.0,0.0,0.0,0.0,0.0,0.0,0.0,0.0,0.0,3,0.0,0.0,15.0,0.0,15.0,False,False,,completed,
81,DoubleMAStrategy_Opt_107,"{""contract"": ""SHFE.rb2410"", ""kline_duration"": 60, ""use_ema"": false, ""use_rsi_filter"": true, ""short_period"": 4, ""long_period"": 14, ""rsi_period"": 21, ""rsi_threshold"": 50.0}",2024-01-02,2024-02-01,1000000.0,1000000.0,0.0,0.0,0.0,0.0,0.0,0.0,0.0,0.0,1,0.0,0.0,5.0,0.0,5.0,False,False,,completed,
82,DoubleMAStrategy_Opt_108,"{""contract"": ""SHFE.rb2410"", ""kline_duration"": 60, ""use_ema"": false, ""use_rsi_filter"": true, ""short_period"": 4, ""long_period"": 14, ""rsi_period"": 21, ""rsi_threshold"": 55.0}",2024-01-02,2024-02-01,1000000.0,1000000.0,0.0,0.0,0.0,0.0,0.0,0.0,0.0,0.0,1,0.0,0.0,5.0,0.0,5.0,False,False,,completed,
83,DoubleMAStrategy_Opt_110,"{""contract"": ""SHFE.rb2410"", ""kline_duration"": 60, ""use_ema"": false, ""use_rsi_filter"": true, ""short_period"": 5, ""long_period"": 8, ""rsi_period"": 7, ""rsi_threshold"": 50.0}",2024-01-02,2024-02-01,1000000.0,1000000.0,0.0,0.0,0.0,0.0,0.0,0.0,0.0,0.0,7,0.0,0.0,35.0,0.0,35.0,False,False,,completed,
84,DoubleMAStrategy_Opt_111,"{""contract"": ""SHFE.rb2410"", ""kline_duration"": 60, ""use_ema"": false, ""use_rsi_filter"": true, ""short_period"": 5, ""long_period"": 8, ""rsi_period"": 7, ""rsi_threshold"": 55.0}",2024-01-02,2024-02-01,1000000.0,1000000.0,0.0,0.0,0.0,0.0,0.0,0.0,0.0,0.0,1,0.0,0.0,5.0,0.0,5.0,False,False,,completed,
85,DoubleMAStrategy_Opt_112,"{""contract"": ""SHFE.rb2410"", ""kline_duration"": 60, ""use_ema"": false, ""use_rsi_filter"": true, ""short_period"": 5, ""long_period"": 8, ""rsi_period"": 14, ""rsi_threshold"": 45.0}",2024-01-02,2024-02-01,1000000.0,1000000.0,0.0,0.0,0.0,0.0,0.0,0.0,0.0,0.0,5,0.0,0.0,25.0,0.0,25.0,False,False,,completed,
86,DoubleMAStrategy_Opt_113,"{""contract"": ""SHFE.rb2410"", ""kline_duration"": 60, ""use_ema"": false, ""use_rsi_filter"": true, ""short_period"": 5, ""long_period"": 8, ""rsi_period"": 14, ""rsi_threshold"": 50.0}",2024-01-02,2024-02-01,1000000.0,1000000.0,0.0,0.0,0.0,0.0,0.0,0.0,0.0,0.0,1,0.0,0.0,5.0,0.0,5.0,False,False,,completed,
87,DoubleMAStrategy_Opt_114,"{""contract"": ""SHFE.rb2410"", ""kline_duration"": 60, ""use_ema"": false, ""use_rsi_filter"": true, ""short_period"": 5, ""long_period"": 8, ""rsi_period"": 14, ""rsi_threshold"": 55.0}",2024-01-02,2024-02-01,1000000.0,1000000.0,0.0,0.0,0.0,0.0,0.0,0.0,0.0,0.0,5,0.0,0.0,25.0,0.0,25.0,False,False,,completed,
88,DoubleMAStrategy_Opt_115,"{""contract"": ""SHFE.rb2410"", ""kline_duration"": 60, ""use_ema"": false, ""use_rsi_filter"": true, ""short_period"": 5, ""long_period"": 8, ""rsi_period"": 21, ""rsi_threshold"": 45.0}",2024-01-02,2024-02-01,1000000.0,1000000.0,0.0,0.0,0.0,0.0,0.0,0.0,0.0,0.0,3,0.0,0.0,15.0,0.0,15.0,False,False,,completed,
89,DoubleMAStrategy_Opt_116,"{""contract"": ""SHFE.rb2410"", ""kline_duration"": 60, ""use_ema"": false, ""use_rsi_filter"": true, ""short_period"": 5, ""long_period"": 8, ""rsi_period"": 21, ""rsi_threshold"": 50.0}",2024-01-02,2024-02-01,1000000.0,1000000.0,0.0,0.0,0.0,0.0,0.0,0.0,0.0,0.0,5,0.0,0.0,25.0,0.0,25.0,False,False,,completed,
90,DoubleMAStrategy_Opt_117,"{""contract"": ""SHFE.rb2410"", ""kline_duration"": 60, ""use_ema"": false, ""use_rsi_filter"": true, ""short_period"": 5, ""long_period"": 8, ""rsi_period"": 21, ""rsi_threshold"": 55.0}",2024-01-02,2024-02-01,1000000.0,1000000.0,0.0,0.0,0.0,0.0,0.0,0.0,0.0,0.0,1,0.0,0.0,5.0,0.0,5.0,False,False,,completed,
91,DoubleMAStrategy_Opt_118,"{""contract"": ""SHFE.rb2410"", ""kline_duration"": 60, ""use_ema"": false, ""use_rsi_filter"": true, ""short_period"": 5, ""long_period"": 10, ""rsi_period"": 7, ""rsi_threshold"": 45.0}",2024-01-02,2024-02-01,1000000.0,1000000.0,0.0,0.0,0.0,0.0,0.0,0.0,0.0,0.0,3,0.0,0.0,15.0,0.0,15.0,False,False,,completed,
92,DoubleMAStrategy_Opt_120,"{""contract"": ""SHFE.rb2410"", ""kline_duration"": 60, ""use_ema"": false, ""use_rsi_filter"": true, ""short_period"": 5, ""long_period"": 10, ""rsi_period"": 7, ""rsi_threshold"": 55.0}",2024-01-02,2024-02-01,1000000.0,1000000.0,0.0,0.0,0.0,0.0,0.0,0.0,0.0,0.0,5,0.0,0.0,25.0,0.0,25.0,False,False,,completed,
93,DoubleMAStrategy_Opt_121,"{""contract"": ""SHFE.rb2410"", ""kline_duration"": 60, ""use_ema"": false, ""use_rsi_filter"": true, ""short_period"": 5, ""long_period"": 10, ""rsi_period"": 14, ""rsi_threshold"": 45.0}",2024-01-02,2024-02-01,1000000.0,1000000.0,0.0,0.0,0.0,0.0,0.0,0.0,0.0,0.0,1,0.0,0.0,5.0,0.0,5.0,False,False,,completed,
94,DoubleMAStrategy_Opt_122,"{""contract"": ""SHFE.rb2410"", ""kline_duration"": 60, ""use_ema"": false, ""use_rsi_filter"": true, ""short_period"": 5, ""long_period"": 10, ""rsi_period"": 14, ""rsi_threshold"": 50.0}",2024-01-02,2024-02-01,1000000.0,1000000.0,0.0,0.0,0.0,0.0,0.0,0.0,0.0,0.0,1,0.0,0.0,5.0,0.0,5.0,False,False,,completed,
95,DoubleMAStrategy_Opt_125,"{""contract"": ""SHFE.rb2410"", ""kline_duration"": 60, ""use_ema"": false, ""use_rsi_filter"": true, ""short_period"": 5, ""long_period"": 10, ""rsi_period"": 21, ""rsi_threshold"": 50.0}",2024-01-02,2024-02-01,1000000.0,1000000.0,0.0,0.0,0.0,0.0,0.0,0.0,0.0,0.0,1,0.0,0.0,5.0,0.0,5.0,False,False,,completed,
96,DoubleMAStrategy_Opt_124,"{""contract"": ""SHFE.rb2410"", ""kline_duration"": 60, ""use_ema"": false, ""use_rsi_filter"": true, ""short_period"": 5, ""long_period"": 10, ""rsi_period"": 21, ""rsi_threshold"": 45.0}",2024-01-02,2024-02-01,1000000.0,1000000.0,0.0,0.0,0.0,0.0,0.0,0.0,0.0,0.0,1,0.0,0.0,5.0,0.0,5.0,False,False,,completed,
97,DoubleMAStrategy_Opt_127,"{""contract"": ""SHFE.rb2410"", ""kline_duration"": 60, ""use_ema"": false, ""use_rsi_filter"": true, ""short_period"": 5, ""long_period"": 12, ""rsi_period"": 7, ""rsi_threshold"": 45.0}",2024-01-02,2024-02-01,1000000.0,1000000.0,0.0,0.0,0.0,0.0,0.0,0.0,0.0,0.0,3,0.0,0.0,15.0,0.0,15.0,False,False,,completed,
98,DoubleMAStrategy_Opt_128,"{""contract"": ""SHFE.rb2410"", ""kline_duration"": 60, ""use_ema"": false, ""use_rsi_filter"": true, ""short_period"": 5, ""long_period"": 12, ""rsi_period"": 7, ""rsi_threshold"": 50.0}",2024-01-02,2024-02-01,1000000.0,1000000.0,0.0,0.0,0.0,0.0,0.0,0.0,0.0,0.0,3,0.0,0.0,15.0,0.0,15.0,False,False,,completed,
99,DoubleMAStrategy_Opt_129,"{""contract"": ""SHFE.rb2410"", ""kline_duration"": 60, ""use_ema"": false, ""use_rsi_filter"": true, ""short_period"": 5, ""long_period"": 12, ""rsi_period"": 7, ""rsi_threshold"": 55.0}",2024-01-02,2024-02-01,1000000.0,1000000.0,0.0,0.0,0.0,0.0,0.0,0.0,0.0,0.0,1,0.0,0.0,5.0,0.0,5.0,False,False,,completed,
100,DoubleMAStrategy_Opt_131,"{""contract"": ""SHFE.rb2410"", ""kline_duration"": 60, ""use_ema"": false, ""use_rsi_filter"": true, ""short_period"": 5, ""long_period"": 12, ""rsi_period"": 14, ""rsi_threshold"": 50.0}",2024-01-02,2024-02-01,1000000.0,1000000.0,0.0,0.0,0.0,0.0,0.0,0.0,0.0,0.0,1,0.0,0.0,5.0,0.0,5.0,False,False,,completed,
101,DoubleMAStrategy_Opt_133,"{""contract"": ""SHFE.rb2410"", ""kline_duration"": 60, ""use_ema"": false, ""use_rsi_filter"": true, ""short_period"": 5, ""long_period"": 12, ""rsi_period"": 21, ""rsi_threshold"": 45.0}",2024-01-02,2024-02-01,1000000.0,1000000.0,0.0,0.0,0.0,0.0,0.0,0.0,0.0,0.0,1,0.0,0.0,5.0,0.0,5.0,False,False,,completed,
102,DoubleMAStrategy_Opt_135,"{""contract"": ""SHFE.rb2410"", ""kline_duration"": 60, ""use_ema"": false, ""use_rsi_filter"": true, ""short_period"": 5, ""long_period"": 12, ""rsi_period"": 21, ""rsi_threshold"": 55.0}",2024-01-02,2024-02-01,1000000.0,1000000.0,0.0,0.0,0.0,0.0,0.0,0.0,0.0,0.0,1,0.0,0.0,5.0,0.0,5.0,False,False,,completed,
103,DoubleMAStrategy_Opt_136,"{""contract"": ""SHFE.rb2410"", ""kline_duration"": 60, ""use_ema"": false, ""use_rsi_filter"": true, ""short_period"": 5, ""long_period"": 14, ""rsi_period"": 7, ""rsi_threshold"": 45.0}",2024-01-02,2024-02-01,1000000.0,1000000.0,0.0,0.0,0.0,0.0,0.0,0.0,0.0,0.0,1,0.0,0.0,5.0,0.0,5.0,False,False,,completed,
104,DoubleMAStrategy_Opt_137,"{""contract"": ""SHFE.rb2410"", ""kline_duration"": 60, ""use_ema"": false, ""use_rsi_filter"": true, ""short_period"": 5, ""long_period"": 14, ""rsi_period"": 7, ""rsi_threshold"": 50.0}",2024-01-02,2024-02-01,1000000.0,1000000.0,0.0,0.0,0.0,0.0,0.0,0.0,0.0,0.0,3,0.0,0.0,15.0,0.0,15.0,False,False,,completed,
105,DoubleMAStrategy_Opt_138,"{""contract"": ""SHFE.rb2410"", ""kline_duration"": 60, ""use_ema"": false, ""use_rsi_filter"": true, ""short_period"": 5, ""long_period"": 14, ""rsi_period"": 7, ""rsi_threshold"": 55.0}",2024-01-02,2024-02-01,1000000.0,1000000.0,0.0,0.0,0.0,0.0,0.0,0.0,0.0,0.0,1,0.0,0.0,5.0,0.0,5.0,False,False,,completed,
106,DoubleMAStrategy_Opt_140,"{""contract"": ""SHFE.rb2410"", ""kline_duration"": 60, ""use_ema"": false, ""use_rsi_filter"": true, ""short_period"": 5, ""long_period"": 14, ""rsi_period"": 14, ""rsi_threshold"": 50.0}",2024-01-02,2024-02-01,1000000.0,1000000.0,0.0,0.0,0.0,0.0,0.0,0.0,0.0,0.0,1,0.0,0.0,5.0,0.0,5.0,False,False,,completed,
107,DoubleMAStrategy_Opt_144,"{""contract"": ""SHFE.rb2410"", ""kline_duration"": 60, ""use_ema"": false, ""use_rsi_filter"": true, ""short_period"": 5, ""long_period"": 14, ""rsi_period"": 21, ""rsi_threshold"": 55.0}",2024-01-02,2024-02-01,1000000.0,1000000.0,0.0,0.0,0.0,0.0,0.0,0.0,0.0,0.0,1,0.0,0.0,5.0,0.0,5.0,False,False,,completed,
108,DoubleMAStrategy_Opt_14,"{""contract"": ""SHFE.rb2410"", ""kline_duration"": 60, ""use_ema"": false, ""use_rsi_filter"": true, ""short_period"": 2, ""long_period"": 10, ""rsi_period"": 14, ""rsi_threshold"": 50.0}",2024-01-02,2024-02-01,1000000.0,1000000.0,0.0,0.0,0.0,0.0,0.0,0.0,0.0,0.0,0,0.0,0.0,0.0,0.0,0.0,False,False,,completed,
109,DoubleMAStrategy_Opt_18,"{""contract"": ""SHFE.rb2410"", ""kline_duration"": 60, ""use_ema"": false, ""use_rsi_filter"": true, ""short_period"": 2, ""long_period"": 10, ""rsi_period"": 21, ""rsi_threshold"": 55.0}",2024-01-02,2024-02-01,1000000.0,1000000.0,0.0,0.0,0.0,0.0,0.0,0.0,0.0,0.0,0,0.0,0.0,0.0,0.0,0.0,False,False,,completed,
110,DoubleMAStrategy_Opt_22,"{""contract"": ""SHFE.rb2410"", ""kline_duration"": 60, ""use_ema"": false, ""use_rsi_filter"": true, ""short_period"": 2, ""long_period"": 12, ""rsi_period"": 14, ""rsi_threshold"": 45.0}",2024-01-02,2024-02-01,1000000.0,1000000.0,0.0,0.0,0.0,0.0,0.0,0.0,0.0,0.0,0,0.0,0.0,0.0,0.0,0.0,False,False,,completed,
111,DoubleMAStrategy_Opt_24,"{""contract"": ""SHFE.rb2410"", ""kline_duration"": 60, ""use_ema"": false, ""use_rsi_filter"": true, ""short_period"": 2, ""long_period"": 12, ""rsi_period"": 14, ""rsi_threshold"": 55.0}",2024-01-02,2024-02-01,1000000.0,1000000.0,0.0,0.0,0.0,0.0,0.0,0.0,0.0,0.0,0,0.0,0.0,0.0,0.0,0.0,False,False,,completed,
112,DoubleMAStrategy_Opt_26,"{""contract"": ""SHFE.rb2410"", ""kline_duration"": 60, ""use_ema"": false, ""use_rsi_filter"": true, ""short_period"": 2, ""long_period"": 12, ""rsi_period"": 21, ""rsi_threshold"": 50.0}",2024-01-02,2024-02-01,1000000.0,1000000.0,0.0,0.0,0.0,0.0,0.0,0.0,0.0,0.0,0,0.0,0.0,0.0,0.0,0.0,False,False,,completed,
113,DoubleMAStrategy_Opt_33,"{""contract"": ""SHFE.rb2410"", ""kline_duration"": 60, ""use_ema"": false, ""use_rsi_filter"": true, ""short_period"": 2, ""long_period"": 14, ""rsi_period"": 14, ""rsi_threshold"": 55.0}",2024-01-02,2024-02-01,1000000.0,1000000.0,0.0,0.0,0.0,0.0,0.0,0.0,0.0,0.0,0,0.0,0.0,0.0,0.0,0.0,False,False,,completed,
114,DoubleMAStrategy_Opt_38,"{""contract"": ""SHFE.rb2410"", ""kline_duration"": 60, ""use_ema"": false, ""use_rsi_filter"": true, ""short_period"": 3, ""long_period"": 8, ""rsi_period"": 7, ""rsi_threshold"": 50.0}",2024-01-02,2024-02-01,1000000.0,1000000.0,0.0,0.0,0.0,0.0,0.0,0.0,0.0,0.0,0,0.0,0.0,0.0,0.0,0.0,False,False,,completed,
115,DoubleMAStrategy_Opt_42,"{""contract"": ""SHFE.rb2410"", ""kline_duration"": 60, ""use_ema"": false, ""use_rsi_filter"": true, ""short_period"": 3, ""long_period"": 8, ""rsi_period"": 14, ""rsi_threshold"": 55.0}",2024-01-02,2024-02-01,1000000.0,1000000.0,0.0,0.0,0.0,0.0,0.0,0.0,0.0,0.0,0,0.0,0.0,0.0,0.0,0.0,False,False,,completed,
116,DoubleMAStrategy_Opt_45,"{""contract"": ""SHFE.rb2410"", ""kline_duration"": 60, ""use_ema"": false, ""use_rsi_filter"": true, ""short_period"": 3, ""long_period"": 8, ""rsi_period"": 21, ""rsi_threshold"": 55.0}",2024-01-02,2024-02-01,1000000.0,1000000.0,0.0,0.0,0.0,0.0,0.0,0.0,0.0,0.0,0,0.0,0.0,0.0,0.0,0.0,False,False,,completed,
117,DoubleMAStrategy_Opt_49,"{""contract"": ""SHFE.rb2410"", ""kline_duration"": 60, ""use_ema"": false, ""use_rsi_filter"": true, ""short_period"": 3, ""long_period"": 10, ""rsi_period"": 14, ""rsi_threshold"": 45.0}",2024-01-02,2024-02-01,1000000.0,1000000.0,0.0,0.0,0.0,0.0,0.0,0.0,0.0,0.0,0,0.0,0.0,0.0,0.0,0.0,False,False,,completed,
118,DoubleMAStrategy_Opt_53,"{""contract"": ""SHFE.rb2410"", ""kline_duration"": 60, ""use_ema"": false, ""use_rsi_filter"": true, ""short_period"": 3, ""long_period"": 10, ""rsi_period"": 21, ""rsi_threshold"": 50.0}",2024-01-02,2024-02-01,1000000.0,1000000.0,0.0,0.0,0.0,0.0,0.0,0.0,0.0,0.0,0,0.0,0.0,0.0,0.0,0.0,False,False,,completed,
119,DoubleMAStrategy_Opt_57,"{""contract"": ""SHFE.rb2410"", ""kline_duration"": 60, ""use_ema"": false, ""use_rsi_filter"": true, ""short_period"": 3, ""long_period"": 12, ""rsi_period"": 7, ""rsi_threshold"": 55.0}",2024-01-02,2024-02-01,1000000.0,1000000.0,0.0,0.0,0.0,0.0,0.0,0.0,0.0,0.0,0,0.0,0.0,0.0,0.0,0.0,False,False,,completed,
120,DoubleMAStrategy_Opt_60,"{""contract"": ""SHFE.rb2410"", ""kline_duration"": 60, ""use_ema"": false, ""use_rsi_filter"": true, ""short_period"": 3, ""long_period"": 12, ""rsi_period"": 14, ""rsi_threshold"": 55.0}",2024-01-02,2024-02-01,1000000.0,1000000.0,0.0,0.0,0.0,0.0,0.0,0.0,0.0,0.0,0,0.0,0.0,0.0,0.0,0.0,False,False,,completed,
121,DoubleMAStrategy_Opt_62,"{""contract"": ""SHFE.rb2410"", ""kline_duration"": 60, ""use_ema"": false, ""use_rsi_filter"": true, ""short_period"": 3, ""long_period"": 12, ""rsi_period"": 21, ""rsi_threshold"": 50.0}",2024-01-02,2024-02-01,1000000.0,1000000.0,0.0,0.0,0.0,0.0,0.0,0.0,0.0,0.0,0,0.0,0.0,0.0,0.0,0.0,False,False,,completed,
122,DoubleMAStrategy_Opt_68,"{""contract"": ""SHFE.rb2410"", ""kline_duration"": 60, ""use_ema"": false, ""use_rsi_filter"": true, ""short_period"": 3, ""long_period"": 14, ""rsi_period"": 14, ""rsi_threshold"": 50.0}",2024-01-02,2024-02-01,1000000.0,1000000.0,0.0,0.0,0.0,0.0,0.0,0.0,0.0,0.0,0,0.0,0.0,0.0,0.0,0.0,False,False,,completed,
123,DoubleMAStrategy_Opt_69,"{""contract"": ""SHFE.rb2410"", ""kline_duration"": 60, ""use_ema"": false, ""use_rsi_filter"": true, ""short_period"": 3, ""long_period"": 14, ""rsi_period"": 14, ""rsi_threshold"": 55.0}",2024-01-02,2024-02-01,1000000.0,1000000.0,0.0,0.0,0.0,0.0,0.0,0.0,0.0,0.0,0,0.0,0.0,0.0,0.0,0.0,False,False,,completed,
124,DoubleMAStrategy_Opt_70,"{""contract"": ""SHFE.rb2410"", ""kline_duration"": 60, ""use_ema"": false, ""use_rsi_filter"": true, ""short_period"": 3, ""long_period"": 14, ""rsi_period"": 21, ""rsi_threshold"": 45.0}",2024-01-02,2024-02-01,1000000.0,1000000.0,0.0,0.0,0.0,0.0,0.0,0.0,0.0,0.0,0,0.0,0.0,0.0,0.0,0.0,False,False,,completed,
125,DoubleMAStrategy_Opt_72,"{""contract"": ""SHFE.rb2410"", ""kline_duration"": 60, ""use_ema"": false, ""use_rsi_filter"": true, ""short_period"": 3, ""long_period"": 14, ""rsi_period"": 21, ""rsi_threshold"": 55.0}",2024-01-02,2024-02-01,1000000.0,1000000.0,0.0,0.0,0.0,0.0,0.0,0.0,0.0,0.0,0,0.0,0.0,0.0,0.0,0.0,False,False,,completed,
126,DoubleMAStrategy_Opt_74,"{""contract"": ""SHFE.rb2410"", ""kline_duration"": 60, ""use_ema"": false, ""use_rsi_filter"": true, ""short_period"": 4, ""long_period"": 8, ""rsi_period"": 7, ""rsi_threshold"": 50.0}",2024-01-02,2024-02-01,1000000.0,1000000.0,0.0,0.0,0.0,0.0,0.0,0.0,0.0,0.0,0,0.0,0.0,0.0,0.0,0.0,False,False,,completed,
127,DoubleMAStrategy_Opt_78,"{""contract"": ""SHFE.rb2410"", ""kline_duration"": 60, ""use_ema"": false, ""use_rsi_filter"": true, ""short_period"": 4, ""long_period"": 8, ""rsi_period"": 14, ""rsi_threshold"": 55.0}",2024-01-02,2024-02-01,1000000.0,1000000.0,0.0,0.0,0.0,0.0,0.0,0.0,0.0,0.0,0,0.0,0.0,0.0,0.0,0.0,False,False,,completed,
128,DoubleMAStrategy_Opt_81,"{""contract"": ""SHFE.rb2410"", ""kline_duration"": 60, ""use_ema"": false, ""use_rsi_filter"": true, ""short_period"": 4, ""long_period"": 8, ""rsi_period"": 21, ""rsi_threshold"": 55.0}",2024-01-02,2024-02-01,1000000.0,1000000.0,0.0,0.0,0.0,0.0,0.0,0.0,0.0,0.0,0,0.0,0.0,0.0,0.0,0.0,False,False,,completed,
129,DoubleMAStrategy_Opt_88,"{""contract"": ""SHFE.rb2410"", ""kline_duration"": 60, ""use_ema"": false, ""use_rsi_filter"": true, ""short_period"": 4, ""long_period"": 10, ""rsi_period"": 21, ""rsi_threshold"": 45.0}",2024-01-02,2024-02-01,1000000.0,1000000.0,0.0,0.0,0.0,0.0,0.0,0.0,0.0,0.0,0,0.0,0.0,0.0,0.0,0.0,False,False,,completed,
130,DoubleMAStrategy_Opt_96,"{""contract"": ""SHFE.rb2410"", ""kline_duration"": 60, ""use_ema"": false, ""use_rsi_filter"": true, ""short_period"": 4, ""long_period"": 12, ""rsi_period"": 14, ""rsi_threshold"": 55.0}",2024-01-02,2024-02-01,1000000.0,1000000.0,0.0,0.0,0.0,0.0,0.0,0.0,0.0,0.0,0,0.0,0.0,0.0,0.0,0.0,False,False,,completed,
131,DoubleMAStrategy_Opt_97,"{""contract"": ""SHFE.rb2410"", ""kline_duration"": 60, ""use_ema"": false, ""use_rsi_filter"": true, ""short_period"": 4, ""long_period"": 12, ""rsi_period"": 21, ""rsi_threshold"": 45.0}",2024-01-02,2024-02-01,1000000.0,1000000.0,0.0,0.0,0.0,0.0,0.0,0.0,0.0,0.0,0,0.0,0.0,0.0,0.0,0.0,False,False,,completed,
132,DoubleMAStrategy_Opt_104,"{""contract"": ""SHFE.rb2410"", ""kline_duration"": 60, ""use_ema"": false, ""use_rsi_filter"": true, ""short_period"": 4, ""long_period"": 14, ""rsi_period"": 14, ""rsi_threshold"": 50.0}",2024-01-02,2024-02-01,1000000.0,1000000.0,0.0,0.0,0.0,0.0,0.0,0.0,0.0,0.0,0,0.0,0.0,0.0,0.0,0.0,False,False,,completed,
133,DoubleMAStrategy_Opt_105,"{""contract"": ""SHFE.rb2410"", ""kline_duration"": 60, ""use_ema"": false, ""use_rsi_filter"": true, ""short_period"": 4, ""long_period"": 14, ""rsi_period"": 14, ""rsi_threshold"": 55.0}",2024-01-02,2024-02-01,1000000.0,1000000.0,0.0,0.0,0.0,0.0,0.0,0.0,0.0,0.0,0,0.0,0.0,0.0,0.0,0.0,False,False,,completed,
134,DoubleMAStrategy_Opt_106,"{""contract"": ""SHFE.rb2410"", ""kline_duration"": 60, ""use_ema"": false, ""use_rsi_filter"": true, ""short_period"": 4, ""long_period"": 14, ""rsi_period"": 21, ""rsi_threshold"": 45.0}",2024-01-02,2024-02-01,1000000.0,1000000.0,0.0,0.0,0.0,0.0,0.0,0.0,0.0,0.0,0,0.0,0.0,0.0,0.0,0.0,False,False,,completed,
135,DoubleMAStrategy_Opt_119,"{""contract"": ""SHFE.rb2410"", ""kline_duration"": 60, ""use_ema"": false, ""use_rsi_filter"": true, ""short_period"": 5, ""long_period"": 10, ""rsi_period"": 7, ""rsi_threshold"": 50.0}",2024-01-02,2024-02-01,1000000.0,1000000.0,0.0,0.0,0.0,0.0,0.0,0.0,0.0,0.0,0,0.0,0.0,0.0,0.0,0.0,False,False,,completed,
136,DoubleMAStrategy_Opt_123,"{""contract"": ""SHFE.rb2410"", ""kline_duration"": 60, ""use_ema"": false, ""use_rsi_filter"": true, ""short_period"": 5, ""long_period"": 10, ""rsi_period"": 14, ""rsi_threshold"": 55.0}",2024-01-02,2024-02-01,1000000.0,1000000.0,0.0,0.0,0.0,0.0,0.0,0.0,0.0,0.0,0,0.0,0.0,0.0,0.0,0.0,False,False,,completed,
137,DoubleMAStrategy_Opt_126,"{""contract"": ""SHFE.rb2410"", ""kline_duration"": 60, ""use_ema"": false, ""use_rsi_filter"": true, ""short_period"": 5, ""long_period"": 10, ""rsi_period"": 21, ""rsi_threshold"": 55.0}",2024-01-02,2024-02-01,1000000.0,1000000.0,0.0,0.0,0.0,0.0,0.0,0.0,0.0,0.0,0,0.0,0.0,0.0,0.0,0.0,False,False,,completed,
138,DoubleMAStrategy_Opt_130,"{""contract"": ""SHFE.rb2410"", ""kline_duration"": 60, ""use_ema"": false, ""use_rsi_filter"": true, ""short_period"": 5, ""long_period"": 12, ""rsi_period"": 14, ""rsi_threshold"": 45.0}",2024-01-02,2024-02-01,1000000.0,1000000.0,0.0,0.0,0.0,0.0,0.0,0.0,0.0,0.0,0,0.0,0.0,0.0,0.0,0.0,False,False,,completed,
139,DoubleMAStrategy_Opt_132,"{""contract"": ""SHFE.rb2410"", ""kline_duration"": 60, ""use_ema"": false, ""use_rsi_filter"": true, ""short_period"": 5, ""long_period"": 12, ""rsi_period"": 14, ""rsi_threshold"": 55.0}",2024-01-02,2024-02-01,1000000.0,1000000.0,0.0,0.0,0.0,0.0,0.0,0.0,0.0,0.0,0,0.0,0.0,0.0,0.0,0.0,False,False,,completed,
140,DoubleMAStrategy_Opt_134,"{""contract"": ""SHFE.rb2410"", ""kline_duration"": 60, ""use_ema"": false, ""use_rsi_filter"": true, ""short_period"": 5, ""long_period"": 12, ""rsi_period"": 21, ""rsi_threshold"": 50.0}",2024-01-02,2024-02-01,1000000.0,1000000.0,0.0,0.0,0.0,0.0,0.0,0.0,0.0,0.0,0,0.0,0.0,0.0,0.0,0.0,False,False,,completed,
141,DoubleMAStrategy_Opt_139,"{""contract"": ""SHFE.rb2410"", ""kline_duration"": 60, ""use_ema"": false, ""use_rsi_filter"": true, ""short_period"": 5, ""long_period"": 14, ""rsi_period"": 14, ""rsi_threshold"": 45.0}",2024-01-02,2024-02-01,1000000.0,1000000.0,0.0,0.0,0.0,0.0,0.0,0.0,0.0,0.0,0,0.0,0.0,0.0,0.0,0.0,False,False,,completed,
142,DoubleMAStrategy_Opt_141,"{""contract"": ""SHFE.rb2410"", ""kline_duration"": 60, ""use_ema"": false, ""use_rsi_filter"": true, ""short_period"": 5, ""long_period"": 14, ""rsi_period"": 14, ""rsi_threshold"": 55.0}",2024-01-02,2024-02-01,1000000.0,1000000.0,0.0,0.0,0.0,0.0,0.0,0.0,0.0,0.0,0,0.0,0.0,0.0,0.0,0.0,False,False,,completed,
143,DoubleMAStrategy_Opt_142,"{""contract"": ""SHFE.rb2410"", ""kline_duration"": 60, ""use_ema"": false, ""use_rsi_filter"": true, ""short_period"": 5, ""long_period"": 14, ""rsi_period"": 21, ""rsi_threshold"": 45.0}",2024-01-02,2024-02-01,1000000.0,1000000.0,0.0,0.0,0.0,0.0,0.0,0.0,0.0,0.0,0,0.0,0.0,0.0,0.0,0.0,False,False,,completed,
144,DoubleMAStrategy_Opt_143,"{""contract"": ""SHFE.rb2410"", ""kline_duration"": 60, ""use_ema"": false, ""use_rsi_filter"": true, ""short_period"": 5, ""long_period"": 14, ""rsi_period"": 21, ""rsi_threshold"": 50.0}",2024-01-02,2024-02-01,1000000.0,1000000.0,0.0,0.0,0.0,0.0,0.0,0.0,0.0,0.0,0,0.0,0.0,0.0,0.0,0.0,False,False,,completed,
